{
  "pdfCropperData": {
    "Physics": {
      "Physics Section 1": {
        "1": {
          "que": 1,
          "type": "mcq",
          "options": 4,
          "marks": {
            "cm": 3,
            "im": -1
          },
          "pdfData": [
            {
              "page": 1,
              "x1": 11,
              "y1": 241,
              "x2": 566,
              "y2": 607
            }
          ]
        },
        "2": {
          "que": 2,
          "type": "mcq",
          "options": 4,
          "marks": {
            "cm": 3,
            "im": -1
          },
          "pdfData": [
            {
              "page": 2,
              "x1": 11,
              "y1": 283,
              "x2": 566,
              "y2": 563
            }
          ]
        },
        "3": {
          "que": 3,
          "type": "mcq",
          "options": 4,
          "marks": {
            "cm": 3,
            "im": -1
          },
          "pdfData": [
            {
              "page": 3,
              "x1": 11,
              "y1": 236,
              "x2": 566,
              "y2": 606
            }
          ]
        },
        "4": {
          "que": 4,
          "type": "mcq",
          "options": 4,
          "marks": {
            "cm": 3,
            "im": -1
          },
          "pdfData": [
            {
              "page": 4,
              "x1": 11,
              "y1": 342,
              "x2": 566,
              "y2": 505
            }
          ]
        },
        "5": {
          "que": 5,
          "type": "mcq",
          "options": 4,
          "marks": {
            "cm": 3,
            "im": -1
          },
          "pdfData": [
            {
              "page": 5,
              "x1": 11,
              "y1": 352,
              "x2": 566,
              "y2": 505
            }
          ]
        },
        "6": {
          "que": 6,
          "type": "mcq",
          "options": 4,
          "marks": {
            "cm": 3,
            "im": -1
          },
          "pdfData": [
            {
              "page": 6,
              "x1": 11,
              "y1": 155,
              "x2": 566,
              "y2": 695
            }
          ]
        }
      },
      "Physics Section 2": {
        "7": {
          "que": 7,
          "type": "msq",
          "options": 4,
          "marks": {
            "cm": 4,
            "pm": 1,
            "im": -2
          },
          "pdfData": [
            {
              "page": 7,
              "x1": 5,
              "y1": 342,
              "x2": 568,
              "y2": 495
            }
          ]
        },
        "8": {
          "que": 8,
          "type": "msq",
          "options": 4,
          "marks": {
            "cm": 4,
            "pm": 1,
            "im": -2
          },
          "pdfData": [
            {
              "page": 8,
              "x1": 5,
              "y1": 278,
              "x2": 568,
              "y2": 570
            }
          ]
        },
        "9": {
          "que": 9,
          "type": "msq",
          "options": 4,
          "marks": {
            "cm": 4,
            "pm": 1,
            "im": -2
          },
          "pdfData": [
            {
              "page": 9,
              "x1": 5,
              "y1": 338,
              "x2": 568,
              "y2": 500
            }
          ]
        },
        "10": {
          "que": 10,
          "type": "msq",
          "options": 4,
          "marks": {
            "cm": 4,
            "pm": 1,
            "im": -2
          },
          "pdfData": [
            {
              "page": 10,
              "x1": 5,
              "y1": 233,
              "x2": 568,
              "y2": 605
            }
          ]
        },
        "11": {
          "que": 11,
          "type": "msq",
          "options": 4,
          "marks": {
            "cm": 4,
            "pm": 1,
            "im": -2
          },
          "pdfData": [
            {
              "page": 11,
              "x1": 5,
              "y1": 300,
              "x2": 568,
              "y2": 539
            }
          ]
        }
      },
      "Physics Section 3": {
        "12": {
          "que": 12,
          "type": "nat",
          "marks": {
            "cm": 4,
            "im": 0
          },
          "pdfData": [
            {
              "page": 12,
              "x1": 5,
              "y1": 370,
              "x2": 568,
              "y2": 458
            }
          ]
        },
        "13": {
          "que": 13,
          "type": "nat",
          "marks": {
            "cm": 4,
            "im": 0
          },
          "pdfData": [
            {
              "page": 13,
              "x1": 5,
              "y1": 387,
              "x2": 568,
              "y2": 465
            }
          ]
        },
        "14": {
          "que": 14,
          "type": "nat",
          "marks": {
            "cm": 4,
            "im": 0
          },
          "pdfData": [
            {
              "page": 14,
              "x1": 5,
              "y1": 370,
              "x2": 568,
              "y2": 479
            }
          ]
        },
        "15": {
          "que": 15,
          "type": "nat",
          "marks": {
            "cm": 4,
            "im": 0
          },
          "pdfData": [
            {
              "page": 15,
              "x1": 5,
              "y1": 388,
              "x2": 586,
              "y2": 458
            }
          ]
        },
        "16": {
          "que": 16,
          "type": "nat",
          "marks": {
            "cm": 4,
            "im": 0
          },
          "pdfData": [
            {
              "page": 16,
              "x1": 5,
              "y1": 355,
              "x2": 586,
              "y2": 478
            }
          ]
        }
      },
      "Physics Section 4": {
        "17": {
          "que": 17,
          "type": "mcq",
          "options": 4,
          "marks": {
            "cm": 4,
            "im": -1
          },
          "pdfData": [
            {
              "page": 17,
              "x1": 5,
              "y1": 221,
              "x2": 586,
              "y2": 392
            },
            {
              "page": 17,
              "x1": 5,
              "y1": 392,
              "x2": 586,
              "y2": 519
            }
          ]
        },
        "18": {
          "que": 18,
          "type": "mcq",
          "options": 4,
          "marks": {
            "cm": 4,
            "im": -1
          },
          "pdfData": [
            {
              "page": 17,
              "x1": 5,
              "y1": 221,
              "x2": 586,
              "y2": 392
            },
            {
              "page": 17,
              "x1": 5,
              "y1": 519,
              "x2": 586,
              "y2": 631
            }
          ]
        },
        "19": {
          "que": 19,
          "type": "mcq",
          "options": 4,
          "marks": {
            "cm": 4,
            "im": -1
          },
          "pdfData": [
            {
              "page": 18,
              "x1": 5,
              "y1": 113,
              "x2": 586,
              "y2": 253
            },
            {
              "page": 18,
              "x1": 5,
              "y1": 253,
              "x2": 586,
              "y2": 324
            }
          ]
        },
        "20": {
          "que": 20,
          "type": "mcq",
          "options": 4,
          "marks": {
            "cm": 4,
            "im": -1
          },
          "pdfData": [
            {
              "page": 18,
              "x1": 5,
              "y1": 113,
              "x2": 586,
              "y2": 253
            },
            {
              "page": 18,
              "x1": 5,
              "y1": 658,
              "x2": 586,
              "y2": 735
            }
          ]
        }
      }
    },
    "Chemistry": {
      "Chemistry Section 1": {
        "1": {
          "que": 1,
          "type": "mcq",
          "options": 4,
          "marks": {
            "cm": 3,
            "im": -1
          },
          "pdfData": [
            {
              "page": 19,
              "x1": 5,
              "y1": 331,
              "x2": 586,
              "y2": 509
            }
          ]
        },
        "2": {
          "que": 2,
          "type": "mcq",
          "options": 4,
          "marks": {
            "cm": 3,
            "im": -1
          },
          "pdfData": [
            {
              "page": 20,
              "x1": 5,
              "y1": 298,
              "x2": 510,
              "y2": 537
            }
          ]
        },
        "3": {
          "que": 3,
          "type": "mcq",
          "options": 4,
          "marks": {
            "cm": 3,
            "im": -1
          },
          "pdfData": [
            {
              "page": 21,
              "x1": 5,
              "y1": 356,
              "x2": 554,
              "y2": 487
            }
          ]
        },
        "4": {
          "que": 4,
          "type": "mcq",
          "options": 4,
          "marks": {
            "cm": 3,
            "im": -1
          },
          "pdfData": [
            {
              "page": 22,
              "x1": 5,
              "y1": 305,
              "x2": 575,
              "y2": 534
            }
          ]
        },
        "5": {
          "que": 5,
          "type": "mcq",
          "options": 4,
          "marks": {
            "cm": 3,
            "im": -1
          },
          "pdfData": [
            {
              "page": 23,
              "x1": 5,
              "y1": 291,
              "x2": 575,
              "y2": 561
            }
          ]
        },
        "6": {
          "que": 6,
          "type": "mcq",
          "options": 4,
          "marks": {
            "cm": 3,
            "im": -1
          },
          "pdfData": [
            {
              "page": 24,
              "x1": 5,
              "y1": 382,
              "x2": 575,
              "y2": 462
            }
          ]
        }
      },
      "Chemistry Section 2": {
        "7": {
          "que": 7,
          "type": "msq",
          "options": 4,
          "marks": {
            "cm": 4,
            "pm": 1,
            "im": -2
          },
          "pdfData": [
            {
              "page": 25,
              "x1": 5,
              "y1": 331,
              "x2": 575,
              "y2": 512
            }
          ]
        },
        "8": {
          "que": 8,
          "type": "msq",
          "options": 4,
          "marks": {
            "cm": 4,
            "pm": 1,
            "im": -2
          },
          "pdfData": [
            {
              "page": 26,
              "x1": 5,
              "y1": 358,
              "x2": 575,
              "y2": 482
            }
          ]
        },
        "9": {
          "que": 9,
          "type": "msq",
          "options": 4,
          "marks": {
            "cm": 4,
            "pm": 1,
            "im": -2
          },
          "pdfData": [
            {
              "page": 27,
              "x1": 5,
              "y1": 348,
              "x2": 575,
              "y2": 505
            }
          ]
        },
        "10": {
          "que": 10,
          "type": "msq",
          "options": 4,
          "marks": {
            "cm": 4,
            "pm": 1,
            "im": -2
          },
          "pdfData": [
            {
              "page": 28,
              "x1": 5,
              "y1": 358,
              "x2": 575,
              "y2": 495
            }
          ]
        },
        "11": {
          "que": 11,
          "type": "msq",
          "options": 4,
          "marks": {
            "cm": 4,
            "pm": 1,
            "im": -2
          },
          "pdfData": [
            {
              "page": 29,
              "x1": 5,
              "y1": 319,
              "x2": 575,
              "y2": 541
            }
          ]
        }
      },
      "Chemistry Section 3": {
        "12": {
          "que": 12,
          "type": "nat",
          "marks": {
            "cm": 4,
            "im": 0
          },
          "pdfData": [
            {
              "page": 30,
              "x1": 5,
              "y1": 355,
              "x2": 575,
              "y2": 478
            }
          ]
        },
        "13": {
          "que": 13,
          "type": "nat",
          "marks": {
            "cm": 4,
            "im": 0
          },
          "pdfData": [
            {
              "page": 31,
              "x1": 5,
              "y1": 304,
              "x2": 575,
              "y2": 548
            }
          ]
        },
        "14": {
          "que": 14,
          "type": "nat",
          "marks": {
            "cm": 4,
            "im": 0
          },
          "pdfData": [
            {
              "page": 32,
              "x1": 5,
              "y1": 332,
              "x2": 575,
              "y2": 518
            }
          ]
        },
        "15": {
          "que": 15,
          "type": "nat",
          "marks": {
            "cm": 4,
            "im": 0
          },
          "pdfData": [
            {
              "page": 33,
              "x1": 5,
              "y1": 380,
              "x2": 575,
              "y2": 463
            }
          ]
        },
        "16": {
          "que": 16,
          "type": "nat",
          "marks": {
            "cm": 4,
            "im": 0
          },
          "pdfData": [
            {
              "page": 34,
              "x1": 5,
              "y1": 280,
              "x2": 575,
              "y2": 563
            }
          ]
        }
      },
      "Chemistry Section 4": {
        "17": {
          "que": 17,
          "type": "mcq",
          "options": 4,
          "marks": {
            "cm": 4,
            "im": -1
          },
          "pdfData": [
            {
              "page": 35,
              "x1": 5,
              "y1": 185,
              "x2": 575,
              "y2": 417
            },
            {
              "page": 35,
              "x1": 5,
              "y1": 417,
              "x2": 575,
              "y2": 533
            }
          ]
        },
        "18": {
          "que": 18,
          "type": "mcq",
          "options": 4,
          "marks": {
            "cm": 4,
            "im": -1
          },
          "pdfData": [
            {
              "page": 35,
              "x1": 5,
              "y1": 185,
              "x2": 575,
              "y2": 417
            },
            {
              "page": 35,
              "x1": 5,
              "y1": 533,
              "x2": 575,
              "y2": 640
            }
          ]
        },
        "19": {
          "que": 19,
          "type": "mcq",
          "options": 4,
          "marks": {
            "cm": 4,
            "im": -1
          },
          "pdfData": [
            {
              "page": 36,
              "x1": 12,
              "y1": 289,
              "x2": 564,
              "y2": 439
            },
            {
              "page": 36,
              "x1": 49,
              "y1": 443,
              "x2": 594,
              "y2": 499
            }
          ]
        },
        "20": {
          "que": 20,
          "type": "mcq",
          "options": 4,
          "marks": {
            "cm": 4,
            "im": -1
          },
          "pdfData": [
            {
              "page": 36,
              "x1": 12,
              "y1": 289,
              "x2": 564,
              "y2": 439
            },
            {
              "page": 36,
              "x1": 46,
              "y1": 500,
              "x2": 593,
              "y2": 561
            }
          ]
        }
      }
    },
    "Mathematics": {
      "Mathematics Section 1": {
        "1": {
          "que": 1,
          "type": "mcq",
          "options": 4,
          "marks": {
            "cm": 3,
            "im": -1
          },
          "pdfData": [
            {
              "page": 37,
              "x1": 12,
              "y1": 212,
              "x2": 571,
              "y2": 640
            }
          ]
        },
        "2": {
          "que": 2,
          "type": "mcq",
          "options": 4,
          "marks": {
            "cm": 3,
            "im": -1
          },
          "pdfData": [
            {
              "page": 38,
              "x1": 6,
              "y1": 355,
              "x2": 577,
              "y2": 498
            }
          ]
        },
        "3": {
          "que": 3,
          "type": "mcq",
          "options": 4,
          "marks": {
            "cm": 3,
            "im": -1
          },
          "pdfData": [
            {
              "page": 39,
              "x1": 6,
              "y1": 326,
              "x2": 577,
              "y2": 514
            }
          ]
        },
        "4": {
          "que": 4,
          "type": "mcq",
          "options": 4,
          "marks": {
            "cm": 3,
            "im": -1
          },
          "pdfData": [
            {
              "page": 40,
              "x1": 6,
              "y1": 348,
              "x2": 577,
              "y2": 503
            }
          ]
        },
        "5": {
          "que": 5,
          "type": "mcq",
          "options": 4,
          "marks": {
            "cm": 3,
            "im": -1
          },
          "pdfData": [
            {
              "page": 41,
              "x1": 6,
              "y1": 197,
              "x2": 577,
              "y2": 617
            }
          ]
        },
        "6": {
          "que": 6,
          "type": "mcq",
          "options": 4,
          "marks": {
            "cm": 3,
            "im": -1
          },
          "pdfData": [
            {
              "page": 42,
              "x1": 4,
              "y1": 281,
              "x2": 571,
              "y2": 529
            }
          ]
        }
      },
      "Mathematics Section 2": {
        "7": {
          "que": 7,
          "type": "msq",
          "options": 4,
          "marks": {
            "cm": 4,
            "pm": 1,
            "im": -2
          },
          "pdfData": [
            {
              "page": 43,
              "x1": 4,
              "y1": 336,
              "x2": 571,
              "y2": 510
            }
          ]
        },
        "8": {
          "que": 8,
          "type": "msq",
          "options": 4,
          "marks": {
            "cm": 4,
            "pm": 1,
            "im": -2
          },
          "pdfData": [
            {
              "page": 44,
              "x1": 17,
              "y1": 322,
              "x2": 520,
              "y2": 507
            }
          ]
        },
        "9": {
          "que": 9,
          "type": "msq",
          "options": 4,
          "marks": {
            "cm": 4,
            "pm": 1,
            "im": -2
          },
          "pdfData": [
            {
              "page": 45,
              "x1": 17,
              "y1": 358,
              "x2": 520,
              "y2": 488
            }
          ]
        },
        "10": {
          "que": 10,
          "type": "msq",
          "options": 4,
          "marks": {
            "cm": 4,
            "pm": 1,
            "im": -2
          },
          "pdfData": [
            {
              "page": 46,
              "x1": 4,
              "y1": 352,
              "x2": 566,
              "y2": 485
            }
          ]
        },
        "11": {
          "que": 11,
          "type": "msq",
          "options": 4,
          "marks": {
            "cm": 4,
            "pm": 1,
            "im": -2
          },
          "pdfData": [
            {
              "page": 47,
              "x1": 4,
              "y1": 338,
              "x2": 583,
              "y2": 512
            }
          ]
        }
      },
      "Mathematics Section 3": {
        "12": {
          "que": 12,
          "type": "nat",
          "marks": {
            "cm": 4,
            "im": 0
          },
          "pdfData": [
            {
              "page": 48,
              "x1": 4,
              "y1": 363,
              "x2": 583,
              "y2": 479
            }
          ]
        },
        "13": {
          "que": 13,
          "type": "nat",
          "marks": {
            "cm": 4,
            "im": 0
          },
          "pdfData": [
            {
              "page": 49,
              "x1": 4,
              "y1": 368,
              "x2": 583,
              "y2": 475
            }
          ]
        },
        "14": {
          "que": 14,
          "type": "nat",
          "marks": {
            "cm": 4,
            "im": 0
          },
          "pdfData": [
            {
              "page": 50,
              "x1": 4,
              "y1": 375,
              "x2": 583,
              "y2": 465
            }
          ]
        },
        "15": {
          "que": 15,
          "type": "nat",
          "marks": {
            "cm": 4,
            "im": 0
          },
          "pdfData": [
            {
              "page": 51,
              "x1": 4,
              "y1": 367,
              "x2": 583,
              "y2": 465
            }
          ]
        },
        "16": {
          "que": 16,
          "type": "nat",
          "marks": {
            "cm": 4,
            "im": 0
          },
          "pdfData": [
            {
              "page": 52,
              "x1": 4,
              "y1": 384,
              "x2": 550,
              "y2": 454
            }
          ]
        }
      },
      "Mathematics Section 4": {
        "17": {
          "que": 17,
          "type": "mcq",
          "options": 4,
          "marks": {
            "cm": 4,
            "im": -1
          },
          "pdfData": [
            {
              "page": 53,
              "x1": 26,
              "y1": 284,
              "x2": 406,
              "y2": 385
            },
            {
              "page": 53,
              "x1": 72,
              "y1": 387,
              "x2": 484,
              "y2": 463
            }
          ]
        },
        "18": {
          "que": 18,
          "type": "mcq",
          "options": 4,
          "marks": {
            "cm": 4,
            "im": -1
          },
          "pdfData": [
            {
              "page": 53,
              "x1": 26,
              "y1": 284,
              "x2": 406,
              "y2": 385
            },
            {
              "page": 53,
              "x1": 70,
              "y1": 465,
              "x2": 488,
              "y2": 558
            }
          ]
        },
        "19": {
          "que": 19,
          "type": "mcq",
          "options": 4,
          "marks": {
            "cm": 4,
            "im": -1
          },
          "pdfData": [
            {
              "page": 54,
              "x1": 16,
              "y1": 302,
              "x2": 563,
              "y2": 384
            },
            {
              "page": 54,
              "x1": 46,
              "y1": 387,
              "x2": 593,
              "y2": 455
            }
          ]
        },
        "20": {
          "que": 20,
          "type": "mcq",
          "options": 4,
          "marks": {
            "cm": 4,
            "im": -1
          },
          "pdfData": [
            {
              "page": 54,
              "x1": 16,
              "y1": 302,
              "x2": 563,
              "y2": 384
            },
            {
              "page": 54,
              "x1": 45,
              "y1": 458,
              "x2": 593,
              "y2": 541
            }
          ]
        }
      }
    }
  },
  "pdfFileHash": "0f8e88d11b390181b243f008457af281b7e622465570ca1d4f7036cfcb2d4c60",
  "testConfig": {
    "zipUrl": "https://github.com/air1frombottom/air1frombottomhub/blob/main/jeeadvfinalmodmock.zip"
  },
  "testAnswerKey": {
    "Physics": {
      "Physics Section 1": {
        "1": 1,
        "2": 2,
        "3": 4,
        "4": 2,
        "5": 3,
        "6": 2
      },
      "Physics Section 2": {
        "7": [
          1,
          3
        ],
        "8": [
          1,
          2,
          4
        ],
        "9": [
          1,
          3,
          4
        ],
        "10": [
          1,
          3,
          4
        ],
        "11": [
          1,
          3
        ]
      },
      "Physics Section 3": {
        "12": "8",
        "13": "0",
        "14": "8",
        "15": "0",
        "16": "5"
      },
      "Physics Section 4": {
        "17": 2,
        "18": 2,
        "19": 2,
        "20": 1
      }
    },
    "Chemistry": {
      "Chemistry Section 1": {
        "1": 4,
        "2": 4,
        "3": 2,
        "4": 2,
        "5": 4,
        "6": 3
      },
      "Chemistry Section 2": {
        "7": [
          1,
          2,
          3,
          4
        ],
        "8": [
          1,
          2,
          3
        ],
        "9": [
          1,
          2,
          3
        ],
        "10": [
          1,
          3,
          4
        ],
        "11": [
          1,
          2,
          3,
          4
        ]
      },
      "Chemistry Section 3": {
        "12": "6",
        "13": "4",
        "14": "138",
        "15": "7",
        "16": "0"
      },
      "Chemistry Section 4": {
        "17": 2,
        "18": 3,
        "19": 3,
        "20": 3
      }
    },
    "Mathematics": {
      "Mathematics Section 1": {
        "1": 1,
        "2": 2,
        "3": 1,
        "4": 4,
        "5": 3,
        "6": 3
      },
      "Mathematics Section 2": {
        "7": [
          3,
          4
        ],
        "8": [
          1,
          4
        ],
        "9": [
          1,
          2,
          3,
          4
        ],
        "10": [
          1,
          2,
          3,
          4
        ],
        "11": [
          1,
          3
        ]
      },
      "Mathematics Section 3": {
        "12": "1300",
        "13": "9",
        "14": "7225",
        "15": "2",
        "16": "3"
      },
      "Mathematics Section 4": {
        "17": 3,
        "18": 4,
        "19": 2,
        "20": 4
      }
    }
  }
}
